"2025-03-14T03:46:27.820Z","Adding 2 + 3"
"2025-03-14T03:48:45.625Z","Add 2 + 7"
"2025-03-14T03:49:45.133Z","what's John's favorite food?"
"2025-03-14T03:56:00.181Z","What does John like to eat?"
"2025-03-14T03:57:43.412Z","What does John like to eat?"
"2025-03-14T03:59:38.129Z","Who is John married to?"
"2025-03-14T04:01:51.678Z","What does John like to eat?"
"2025-03-14T04:02:24.888Z","Who is John married to?"
"2025-03-14T04:10:37.464Z","Who is John married to?"
"2025-03-14T04:11:51.609Z","What does John like to eat?"
"2025-03-14T04:16:09.835Z","Who is John married to?"
